SampleID,LL,PL,P10,P40,reason
Atterberg_CSU_LongBeach,48.5,22.9,,,no_sieve_match_or_no_075mm
Atterberg_Cyprus_Intl,29.62,28.86,,,no_sieve_match_or_no_075mm
Atterberg_Indonesia,70.0,50.0,,,no_sieve_match_or_no_075mm
Atterberg_UiTM_CEG454,35.8,23.2,,,no_sieve_match_or_no_075mm
Atterberg_UiTM_ConePen,32.0,21.8,,,no_sieve_match_or_no_075mm
Atterberg_UiTM_FullReport,48.5,,,,no_sieve_match_or_no_075mm
Atterberg_UiTM_Pahang_PL,,50.0,,,no_sieve_match_or_no_075mm
Atterberg_UiTM_ShahAlam,26.0,15.0,,,no_sieve_match_or_no_075mm
Atterberg_UiTM_ShahAlam2,26.0,15.0,,,no_sieve_match_or_no_075mm
CBR_Image_10blows,,,,,no_sieve_match_or_no_075mm
CBR_Image_30blows,,,,,no_sieve_match_or_no_075mm
Compaction_ECG3213_UiTM,,,,,no_sieve_match_or_no_075mm
Compaction_HasanKalyoncu,,,,,no_sieve_match_or_no_075mm
Compaction_Modified_PortDickson,,,,,no_sieve_match_or_no_075mm
Compaction_UTS_SoilBehaviour1,,,,,no_sieve_match_or_no_075mm
Compaction_UTS_SoilBehaviour2,,,,,no_sieve_match_or_no_075mm
Compaction_UiTM_DryDensity,,,,,no_sieve_match_or_no_075mm
Sample_6pdf_Granite,,,,,no_bracket_for_target
