SampleID,LL,MDD,OMC,PI,PL,F200,D10,D30,D60,Cu,Cc,USCS
Atterberg_CSU_LongBeach,48.5,,,25.6,22.9,,,,,,,
Atterberg_Cyprus_Intl,29.62,,,0.76,28.86,,,,,,,
Atterberg_Indonesia,70.0,,,20.0,50.0,,,,,,,
Atterberg_UiTM_CEG454,35.8,,,12.6,23.2,,,,,,,
Atterberg_UiTM_ConePen,32.0,,,10.2,21.8,,,,,,,
Atterberg_UiTM_FullReport,48.5,,,,,,,,,,,
Atterberg_UiTM_Pahang_PL,,,,,50.0,,,,,,,
Atterberg_UiTM_ShahAlam,26.0,,,11.0,15.0,,,,,,,
Atterberg_UiTM_ShahAlam2,26.0,,,11.0,15.0,,,,,,,
CBR_Image_10blows,,2.204,8.0,,,,,,,,,
CBR_Image_30blows,,,7.62,,,,,,,,,
Compaction_ECG3213_UiTM,,1.83,18.5,,,,,,,,,
Compaction_HasanKalyoncu,,1.5,16.0,,,,,,,,,
Compaction_Modified_PortDickson,,1.717,33.5,,,,,,,,,
Compaction_UTS_SoilBehaviour1,,1.8,10.6,,,,,,,,,
Compaction_UTS_SoilBehaviour2,,1.684,14.6,,,,,,,,,
Compaction_UiTM_DryDensity,,1.79,18.06,,,,,,,,,
Sample_3pdf,,,,,,4.09,0.34588550029229836,0.7158970490944704,1.9220851176214908,5.556998243630304,0.7708966740419183,
Sample_6pdf_Granite,,,,,,,,,14.545366687460486,,,
Sample_6pdf_Sand,,,,,,2.0,0.19075136072139348,0.425,0.8045853179889063,4.217979441646358,1.1768960685914103,
