SampleID,Source,Blows,MDD_gcc,OMC_pct,CBR_2p5_pct,CBR_5p0_pct,Adopted_CBR_pct,Notes
CBR_Nepal_University,1221ec60...a91e14.pdf,,,,9.73,9.32,9.73,Soaked status not specified in excerpt
CBR_UTM_Group1_Trial1,f5d54208...b0108.pdf,,,,,2.2,2.2,Trial 1
CBR_UTM_Group1_Trial2,f5d54208...b0108.pdf,,,,,13.5,13.5,Trial 2
CBR_UTM_Group1_Trial3,f5d54208...b0108.pdf,,,,,1.7,1.7,Trial 3
CBR_UiTM_Data_Avg,fbfa7f4d...ba2.pdf,,,,20.7,22.87,20.7,Averaged across three compaction levels
CBR_Politeknik_Ungku_Omar,CBR.pdf,,,,,2.2,2.2,Final reported
CBR_UiTM_Highway,CBRAAA.pdf,,,,,2.2,2.2,Final reported
CBR_UiTM_Lab3,eeff0017...ae90.pdf,,,,,2.2,2.2,Final reported
CBR_UTHM_Sample1,40d588d7...0c170.pdf,,,,,,29.9,Sample 1 final
CBR_UTHM_Sample2,40d588d7...0c170.pdf,,,,,,93.15,Sample 2 final
CBR_UTHM_Sample3,40d588d7...0c170.pdf,,,,,,194.35,Sample 3 final (very high)
CBR_Image_10blows,cbr-test-report.jpg,10.0,2.204,8.0,,11.5,11.5,Dry unit weight 1.96 g/cc
CBR_Image_30blows,cbr-3.jpg,30.0,,7.62,52.5,51.33,52.5,CBR from graph
CBR_Image_65blows,cbr-vs-percent-compaction-graph.jpg,65.0,,,,68.0,68.0,CBR from graph
