BatchID,Test_Type,SampleID,Soil_Type,Parameter,Value,Units,Source,Notes
38,Sieve,Sample_3pdf,,D10(mm),0.3510775862068965,mm,Sieve – UiTM/Studocu (cleaned),Derived from uploaded lab reports (cleaned)
39,Sieve,Sample_5pdf,,D10(mm),,mm,Sieve – UiTM/Studocu (cleaned),Derived from uploaded lab reports (cleaned)
41,Sieve,Sample_6pdf_Sand,,D10(mm),0.2134615384615384,mm,Sieve – UiTM/Studocu (cleaned),Derived from uploaded lab reports (cleaned)
40,Sieve,Sample_6pdf_Granite,,D10(mm),,mm,Sieve – UiTM/Studocu (cleaned),Derived from uploaded lab reports (cleaned)
38,Sieve,Sample_3pdf,,D30(mm),0.8105269645608628,mm,Sieve – UiTM/Studocu (cleaned),Derived from uploaded lab reports (cleaned)
39,Sieve,Sample_5pdf,,D30(mm),,mm,Sieve – UiTM/Studocu (cleaned),Derived from uploaded lab reports (cleaned)
41,Sieve,Sample_6pdf_Sand,,D30(mm),0.425,mm,Sieve – UiTM/Studocu (cleaned),Derived from uploaded lab reports (cleaned)
40,Sieve,Sample_6pdf_Granite,,D30(mm),,mm,Sieve – UiTM/Studocu (cleaned),Derived from uploaded lab reports (cleaned)
38,Sieve,Sample_3pdf,,D60(mm),1.9382449246889328,mm,Sieve – UiTM/Studocu (cleaned),Derived from uploaded lab reports (cleaned)
39,Sieve,Sample_5pdf,,D60(mm),,mm,Sieve – UiTM/Studocu (cleaned),Derived from uploaded lab reports (cleaned)
41,Sieve,Sample_6pdf_Sand,,D60(mm),0.896875,mm,Sieve – UiTM/Studocu (cleaned),Derived from uploaded lab reports (cleaned)
40,Sieve,Sample_6pdf_Granite,,D60(mm),14.642857142857142,mm,Sieve – UiTM/Studocu (cleaned),Derived from uploaded lab reports (cleaned)
38,Sieve,Sample_3pdf,,Cu,5.520844966578666,-,Sieve – UiTM/Studocu (cleaned),Derived from uploaded lab reports (cleaned)
39,Sieve,Sample_5pdf,,Cu,,-,Sieve – UiTM/Studocu (cleaned),Derived from uploaded lab reports (cleaned)
41,Sieve,Sample_6pdf_Sand,,Cu,4.201576576576577,-,Sieve – UiTM/Studocu (cleaned),Derived from uploaded lab reports (cleaned)
40,Sieve,Sample_6pdf_Granite,,Cu,,-,Sieve – UiTM/Studocu (cleaned),Derived from uploaded lab reports (cleaned)
38,Sieve,Sample_3pdf,,Cc,0.9654353035204928,-,Sieve – UiTM/Studocu (cleaned),Derived from uploaded lab reports (cleaned)
39,Sieve,Sample_5pdf,,Cc,,-,Sieve – UiTM/Studocu (cleaned),Derived from uploaded lab reports (cleaned)
41,Sieve,Sample_6pdf_Sand,,Cc,0.9434661141978214,-,Sieve – UiTM/Studocu (cleaned),Derived from uploaded lab reports (cleaned)
40,Sieve,Sample_6pdf_Granite,,Cc,,-,Sieve – UiTM/Studocu (cleaned),Derived from uploaded lab reports (cleaned)
38,Sieve,Sample_3pdf,,%Gravel,9.040000000000006,%,Sieve – UiTM/Studocu (cleaned),Derived from uploaded lab reports (cleaned)
39,Sieve,Sample_5pdf,,%Gravel,,%,Sieve – UiTM/Studocu (cleaned),Derived from uploaded lab reports (cleaned)
41,Sieve,Sample_6pdf_Sand,,%Gravel,,%,Sieve – UiTM/Studocu (cleaned),Derived from uploaded lab reports (cleaned)
40,Sieve,Sample_6pdf_Granite,,%Gravel,,%,Sieve – UiTM/Studocu (cleaned),Derived from uploaded lab reports (cleaned)
38,Sieve,Sample_3pdf,,%Sand,86.86999999999999,%,Sieve – UiTM/Studocu (cleaned),Derived from uploaded lab reports (cleaned)
39,Sieve,Sample_5pdf,,%Sand,,%,Sieve – UiTM/Studocu (cleaned),Derived from uploaded lab reports (cleaned)
41,Sieve,Sample_6pdf_Sand,,%Sand,,%,Sieve – UiTM/Studocu (cleaned),Derived from uploaded lab reports (cleaned)
40,Sieve,Sample_6pdf_Granite,,%Sand,,%,Sieve – UiTM/Studocu (cleaned),Derived from uploaded lab reports (cleaned)
38,Sieve,Sample_3pdf,,%Fines,4.09,%,Sieve – UiTM/Studocu (cleaned),Derived from uploaded lab reports (cleaned)
39,Sieve,Sample_5pdf,,%Fines,,%,Sieve – UiTM/Studocu (cleaned),Derived from uploaded lab reports (cleaned)
41,Sieve,Sample_6pdf_Sand,,%Fines,,%,Sieve – UiTM/Studocu (cleaned),Derived from uploaded lab reports (cleaned)
40,Sieve,Sample_6pdf_Granite,,%Fines,,%,Sieve – UiTM/Studocu (cleaned),Derived from uploaded lab reports (cleaned)
7,Atterberg,Atterberg_UiTM_FullReport,,Liquid_Limit_LL(%),48.5,%,Atterberg – UiTM/CSU/Indonesia (cleaned),Derived from uploaded lab reports (cleaned)
4,Atterberg,Atterberg_Namibia_GTM7b,,Liquid_Limit_LL(%),,%,Atterberg – UiTM/CSU/Indonesia (cleaned),Derived from uploaded lab reports (cleaned)
9,Atterberg,Atterberg_UiTM_ShahAlam,,Liquid_Limit_LL(%),26.0,%,Atterberg – UiTM/CSU/Indonesia (cleaned),Derived from uploaded lab reports (cleaned)
1,Atterberg,Atterberg_CSU_LongBeach,,Liquid_Limit_LL(%),48.5,%,Atterberg – UiTM/CSU/Indonesia (cleaned),Derived from uploaded lab reports (cleaned)
6,Atterberg,Atterberg_UiTM_ConePen,,Liquid_Limit_LL(%),32.0,%,Atterberg – UiTM/CSU/Indonesia (cleaned),Derived from uploaded lab reports (cleaned)
5,Atterberg,Atterberg_UiTM_CEG454,,Liquid_Limit_LL(%),35.8,%,Atterberg – UiTM/CSU/Indonesia (cleaned),Derived from uploaded lab reports (cleaned)
8,Atterberg,Atterberg_UiTM_Pahang_PL,,Liquid_Limit_LL(%),,%,Atterberg – UiTM/CSU/Indonesia (cleaned),Derived from uploaded lab reports (cleaned)
2,Atterberg,Atterberg_Cyprus_Intl,,Liquid_Limit_LL(%),29.62,%,Atterberg – UiTM/CSU/Indonesia (cleaned),Derived from uploaded lab reports (cleaned)
3,Atterberg,Atterberg_Indonesia,,Liquid_Limit_LL(%),70.0,%,Atterberg – UiTM/CSU/Indonesia (cleaned),Derived from uploaded lab reports (cleaned)
10,Atterberg,Atterberg_UiTM_ShahAlam2,,Liquid_Limit_LL(%),26.0,%,Atterberg – UiTM/CSU/Indonesia (cleaned),Derived from uploaded lab reports (cleaned)
7,Atterberg,Atterberg_UiTM_FullReport,,Plastic_Limit_PL(%),,%,Atterberg – UiTM/CSU/Indonesia (cleaned),Derived from uploaded lab reports (cleaned)
4,Atterberg,Atterberg_Namibia_GTM7b,,Plastic_Limit_PL(%),,%,Atterberg – UiTM/CSU/Indonesia (cleaned),Derived from uploaded lab reports (cleaned)
9,Atterberg,Atterberg_UiTM_ShahAlam,,Plastic_Limit_PL(%),15.0,%,Atterberg – UiTM/CSU/Indonesia (cleaned),Derived from uploaded lab reports (cleaned)
1,Atterberg,Atterberg_CSU_LongBeach,,Plastic_Limit_PL(%),22.9,%,Atterberg – UiTM/CSU/Indonesia (cleaned),Derived from uploaded lab reports (cleaned)
6,Atterberg,Atterberg_UiTM_ConePen,,Plastic_Limit_PL(%),21.8,%,Atterberg – UiTM/CSU/Indonesia (cleaned),Derived from uploaded lab reports (cleaned)
5,Atterberg,Atterberg_UiTM_CEG454,,Plastic_Limit_PL(%),23.2,%,Atterberg – UiTM/CSU/Indonesia (cleaned),Derived from uploaded lab reports (cleaned)
8,Atterberg,Atterberg_UiTM_Pahang_PL,,Plastic_Limit_PL(%),50.0,%,Atterberg – UiTM/CSU/Indonesia (cleaned),Derived from uploaded lab reports (cleaned)
2,Atterberg,Atterberg_Cyprus_Intl,,Plastic_Limit_PL(%),28.86,%,Atterberg – UiTM/CSU/Indonesia (cleaned),Derived from uploaded lab reports (cleaned)
3,Atterberg,Atterberg_Indonesia,,Plastic_Limit_PL(%),50.0,%,Atterberg – UiTM/CSU/Indonesia (cleaned),Derived from uploaded lab reports (cleaned)
10,Atterberg,Atterberg_UiTM_ShahAlam2,,Plastic_Limit_PL(%),15.0,%,Atterberg – UiTM/CSU/Indonesia (cleaned),Derived from uploaded lab reports (cleaned)
7,Atterberg,Atterberg_UiTM_FullReport,,Plasticity_Index_PI(%),,%,Atterberg – UiTM/CSU/Indonesia (cleaned),Derived from uploaded lab reports (cleaned)
4,Atterberg,Atterberg_Namibia_GTM7b,,Plasticity_Index_PI(%),,%,Atterberg – UiTM/CSU/Indonesia (cleaned),Derived from uploaded lab reports (cleaned)
9,Atterberg,Atterberg_UiTM_ShahAlam,,Plasticity_Index_PI(%),11.0,%,Atterberg – UiTM/CSU/Indonesia (cleaned),Derived from uploaded lab reports (cleaned)
1,Atterberg,Atterberg_CSU_LongBeach,,Plasticity_Index_PI(%),25.6,%,Atterberg – UiTM/CSU/Indonesia (cleaned),Derived from uploaded lab reports (cleaned)
6,Atterberg,Atterberg_UiTM_ConePen,,Plasticity_Index_PI(%),10.2,%,Atterberg – UiTM/CSU/Indonesia (cleaned),Derived from uploaded lab reports (cleaned)
5,Atterberg,Atterberg_UiTM_CEG454,,Plasticity_Index_PI(%),12.6,%,Atterberg – UiTM/CSU/Indonesia (cleaned),Derived from uploaded lab reports (cleaned)
8,Atterberg,Atterberg_UiTM_Pahang_PL,,Plasticity_Index_PI(%),,%,Atterberg – UiTM/CSU/Indonesia (cleaned),Derived from uploaded lab reports (cleaned)
2,Atterberg,Atterberg_Cyprus_Intl,,Plasticity_Index_PI(%),0.76,%,Atterberg – UiTM/CSU/Indonesia (cleaned),Derived from uploaded lab reports (cleaned)
3,Atterberg,Atterberg_Indonesia,,Plasticity_Index_PI(%),20.0,%,Atterberg – UiTM/CSU/Indonesia (cleaned),Derived from uploaded lab reports (cleaned)
10,Atterberg,Atterberg_UiTM_ShahAlam2,,Plasticity_Index_PI(%),11.0,%,Atterberg – UiTM/CSU/Indonesia (cleaned),Derived from uploaded lab reports (cleaned)
7,Atterberg,Atterberg_UiTM_FullReport,,Soil_Classification,,,Atterberg – UiTM/CSU/Indonesia (cleaned),Derived from uploaded lab reports (cleaned)
4,Atterberg,Atterberg_Namibia_GTM7b,,Soil_Classification,Clay,,Atterberg – UiTM/CSU/Indonesia (cleaned),Derived from uploaded lab reports (cleaned)
9,Atterberg,Atterberg_UiTM_ShahAlam,,Soil_Classification,CL (Low Plasticity Clay),,Atterberg – UiTM/CSU/Indonesia (cleaned),Derived from uploaded lab reports (cleaned)
1,Atterberg,Atterberg_CSU_LongBeach,,Soil_Classification,Plastic Clay,,Atterberg – UiTM/CSU/Indonesia (cleaned),Derived from uploaded lab reports (cleaned)
6,Atterberg,Atterberg_UiTM_ConePen,,Soil_Classification,CLAY with low plasticity,,Atterberg – UiTM/CSU/Indonesia (cleaned),Derived from uploaded lab reports (cleaned)
5,Atterberg,Atterberg_UiTM_CEG454,,Soil_Classification,Intermediate Clay,,Atterberg – UiTM/CSU/Indonesia (cleaned),Derived from uploaded lab reports (cleaned)
8,Atterberg,Atterberg_UiTM_Pahang_PL,,Soil_Classification,Clay (Low Plasticity),,Atterberg – UiTM/CSU/Indonesia (cleaned),Derived from uploaded lab reports (cleaned)
2,Atterberg,Atterberg_Cyprus_Intl,,Soil_Classification,Non-plastic / Silt,,Atterberg – UiTM/CSU/Indonesia (cleaned),Derived from uploaded lab reports (cleaned)
3,Atterberg,Atterberg_Indonesia,,Soil_Classification,Clay (High Plasticity),,Atterberg – UiTM/CSU/Indonesia (cleaned),Derived from uploaded lab reports (cleaned)
10,Atterberg,Atterberg_UiTM_ShahAlam2,,Soil_Classification,Clay (Low Plasticity),,Atterberg – UiTM/CSU/Indonesia (cleaned),Derived from uploaded lab reports (cleaned)
25,Compaction,Compaction_ECG3213_UiTM,,MDD(g/cm3),1.83,g/cm3,Compaction – UiTM/UTS/Politeknik (cleaned),Derived from uploaded lab reports (cleaned)
28,Compaction,Compaction_UTS_SoilBehaviour1,,MDD(g/cm3),1.8,g/cm3,Compaction – UiTM/UTS/Politeknik (cleaned),Derived from uploaded lab reports (cleaned)
27,Compaction,Compaction_Modified_PortDickson,,MDD(g/cm3),1.717,g/cm3,Compaction – UiTM/UTS/Politeknik (cleaned),Derived from uploaded lab reports (cleaned)
29,Compaction,Compaction_UTS_SoilBehaviour2,,MDD(g/cm3),1.684,g/cm3,Compaction – UiTM/UTS/Politeknik (cleaned),Derived from uploaded lab reports (cleaned)
30,Compaction,Compaction_UiTM_DryDensity,,MDD(g/cm3),1.79,g/cm3,Compaction – UiTM/UTS/Politeknik (cleaned),Derived from uploaded lab reports (cleaned)
26,Compaction,Compaction_HasanKalyoncu,,MDD(g/cm3),1.5,g/cm3,Compaction – UiTM/UTS/Politeknik (cleaned),Derived from uploaded lab reports (cleaned)
25,Compaction,Compaction_ECG3213_UiTM,,OMC(%),18.5,%,Compaction – UiTM/UTS/Politeknik (cleaned),Derived from uploaded lab reports (cleaned)
28,Compaction,Compaction_UTS_SoilBehaviour1,,OMC(%),10.6,%,Compaction – UiTM/UTS/Politeknik (cleaned),Derived from uploaded lab reports (cleaned)
27,Compaction,Compaction_Modified_PortDickson,,OMC(%),33.5,%,Compaction – UiTM/UTS/Politeknik (cleaned),Derived from uploaded lab reports (cleaned)
29,Compaction,Compaction_UTS_SoilBehaviour2,,OMC(%),14.6,%,Compaction – UiTM/UTS/Politeknik (cleaned),Derived from uploaded lab reports (cleaned)
30,Compaction,Compaction_UiTM_DryDensity,,OMC(%),18.06,%,Compaction – UiTM/UTS/Politeknik (cleaned),Derived from uploaded lab reports (cleaned)
26,Compaction,Compaction_HasanKalyoncu,,OMC(%),16.0,%,Compaction – UiTM/UTS/Politeknik (cleaned),Derived from uploaded lab reports (cleaned)
25,Compaction,Compaction_ECG3213_UiTM,,Proctor_Type,Standard Proctor,,Compaction – UiTM/UTS/Politeknik (cleaned),Derived from uploaded lab reports (cleaned)
28,Compaction,Compaction_UTS_SoilBehaviour1,,Proctor_Type,Standard Proctor,,Compaction – UiTM/UTS/Politeknik (cleaned),Derived from uploaded lab reports (cleaned)
27,Compaction,Compaction_Modified_PortDickson,,Proctor_Type,Modified Proctor,,Compaction – UiTM/UTS/Politeknik (cleaned),Derived from uploaded lab reports (cleaned)
29,Compaction,Compaction_UTS_SoilBehaviour2,,Proctor_Type,Standard Proctor,,Compaction – UiTM/UTS/Politeknik (cleaned),Derived from uploaded lab reports (cleaned)
30,Compaction,Compaction_UiTM_DryDensity,,Proctor_Type,Standard Proctor,,Compaction – UiTM/UTS/Politeknik (cleaned),Derived from uploaded lab reports (cleaned)
26,Compaction,Compaction_HasanKalyoncu,,Proctor_Type,Standard Proctor,,Compaction – UiTM/UTS/Politeknik (cleaned),Derived from uploaded lab reports (cleaned)
14,CBR,CBR_Nepal_University,,CBR_2p5_pct,9.73,%,1221ec60...a91e14.pdf,Soaked status not specified in excerpt
19,CBR,CBR_UTM_Group1_Trial1,,CBR_2p5_pct,,%,f5d54208...b0108.pdf,Trial 1
20,CBR,CBR_UTM_Group1_Trial2,,CBR_2p5_pct,,%,f5d54208...b0108.pdf,Trial 2
21,CBR,CBR_UTM_Group1_Trial3,,CBR_2p5_pct,,%,f5d54208...b0108.pdf,Trial 3
22,CBR,CBR_UiTM_Data_Avg,,CBR_2p5_pct,20.7,%,fbfa7f4d...ba2.pdf,Averaged across three compaction levels
15,CBR,CBR_Politeknik_Ungku_Omar,,CBR_2p5_pct,,%,CBR.pdf,Final reported
23,CBR,CBR_UiTM_Highway,,CBR_2p5_pct,,%,CBRAAA.pdf,Final reported
24,CBR,CBR_UiTM_Lab3,,CBR_2p5_pct,,%,eeff0017...ae90.pdf,Final reported
16,CBR,CBR_UTHM_Sample1,,CBR_2p5_pct,,%,40d588d7...0c170.pdf,Sample 1 final
17,CBR,CBR_UTHM_Sample2,,CBR_2p5_pct,,%,40d588d7...0c170.pdf,Sample 2 final
18,CBR,CBR_UTHM_Sample3,,CBR_2p5_pct,,%,40d588d7...0c170.pdf,Sample 3 final (very high)
11,CBR,CBR_Image_10blows,,CBR_2p5_pct,,%,cbr-test-report.jpg,Dry unit weight 1.96 g/cc
12,CBR,CBR_Image_30blows,,CBR_2p5_pct,52.5,%,cbr-3.jpg,CBR from graph
13,CBR,CBR_Image_65blows,,CBR_2p5_pct,,%,cbr-vs-percent-compaction-graph.jpg,CBR from graph
14,CBR,CBR_Nepal_University,,CBR_5p0_pct,9.32,%,1221ec60...a91e14.pdf,Soaked status not specified in excerpt
19,CBR,CBR_UTM_Group1_Trial1,,CBR_5p0_pct,2.2,%,f5d54208...b0108.pdf,Trial 1
20,CBR,CBR_UTM_Group1_Trial2,,CBR_5p0_pct,13.5,%,f5d54208...b0108.pdf,Trial 2
21,CBR,CBR_UTM_Group1_Trial3,,CBR_5p0_pct,1.7,%,f5d54208...b0108.pdf,Trial 3
22,CBR,CBR_UiTM_Data_Avg,,CBR_5p0_pct,22.87,%,fbfa7f4d...ba2.pdf,Averaged across three compaction levels
15,CBR,CBR_Politeknik_Ungku_Omar,,CBR_5p0_pct,2.2,%,CBR.pdf,Final reported
23,CBR,CBR_UiTM_Highway,,CBR_5p0_pct,2.2,%,CBRAAA.pdf,Final reported
24,CBR,CBR_UiTM_Lab3,,CBR_5p0_pct,2.2,%,eeff0017...ae90.pdf,Final reported
16,CBR,CBR_UTHM_Sample1,,CBR_5p0_pct,,%,40d588d7...0c170.pdf,Sample 1 final
17,CBR,CBR_UTHM_Sample2,,CBR_5p0_pct,,%,40d588d7...0c170.pdf,Sample 2 final
18,CBR,CBR_UTHM_Sample3,,CBR_5p0_pct,,%,40d588d7...0c170.pdf,Sample 3 final (very high)
11,CBR,CBR_Image_10blows,,CBR_5p0_pct,11.5,%,cbr-test-report.jpg,Dry unit weight 1.96 g/cc
12,CBR,CBR_Image_30blows,,CBR_5p0_pct,51.33,%,cbr-3.jpg,CBR from graph
13,CBR,CBR_Image_65blows,,CBR_5p0_pct,68.0,%,cbr-vs-percent-compaction-graph.jpg,CBR from graph
14,CBR,CBR_Nepal_University,,Adopted_CBR_pct,9.73,%,1221ec60...a91e14.pdf,Soaked status not specified in excerpt
19,CBR,CBR_UTM_Group1_Trial1,,Adopted_CBR_pct,2.2,%,f5d54208...b0108.pdf,Trial 1
20,CBR,CBR_UTM_Group1_Trial2,,Adopted_CBR_pct,13.5,%,f5d54208...b0108.pdf,Trial 2
21,CBR,CBR_UTM_Group1_Trial3,,Adopted_CBR_pct,1.7,%,f5d54208...b0108.pdf,Trial 3
22,CBR,CBR_UiTM_Data_Avg,,Adopted_CBR_pct,20.7,%,fbfa7f4d...ba2.pdf,Averaged across three compaction levels
15,CBR,CBR_Politeknik_Ungku_Omar,,Adopted_CBR_pct,2.2,%,CBR.pdf,Final reported
23,CBR,CBR_UiTM_Highway,,Adopted_CBR_pct,2.2,%,CBRAAA.pdf,Final reported
24,CBR,CBR_UiTM_Lab3,,Adopted_CBR_pct,2.2,%,eeff0017...ae90.pdf,Final reported
16,CBR,CBR_UTHM_Sample1,,Adopted_CBR_pct,29.9,%,40d588d7...0c170.pdf,Sample 1 final
17,CBR,CBR_UTHM_Sample2,,Adopted_CBR_pct,93.15,%,40d588d7...0c170.pdf,Sample 2 final
18,CBR,CBR_UTHM_Sample3,,Adopted_CBR_pct,194.35,%,40d588d7...0c170.pdf,Sample 3 final (very high)
11,CBR,CBR_Image_10blows,,Adopted_CBR_pct,11.5,%,cbr-test-report.jpg,Dry unit weight 1.96 g/cc
12,CBR,CBR_Image_30blows,,Adopted_CBR_pct,52.5,%,cbr-3.jpg,CBR from graph
13,CBR,CBR_Image_65blows,,Adopted_CBR_pct,68.0,%,cbr-vs-percent-compaction-graph.jpg,CBR from graph
14,CBR,CBR_Nepal_University,,MDD_gcc,,g/cc,1221ec60...a91e14.pdf,Soaked status not specified in excerpt
19,CBR,CBR_UTM_Group1_Trial1,,MDD_gcc,,g/cc,f5d54208...b0108.pdf,Trial 1
20,CBR,CBR_UTM_Group1_Trial2,,MDD_gcc,,g/cc,f5d54208...b0108.pdf,Trial 2
21,CBR,CBR_UTM_Group1_Trial3,,MDD_gcc,,g/cc,f5d54208...b0108.pdf,Trial 3
22,CBR,CBR_UiTM_Data_Avg,,MDD_gcc,,g/cc,fbfa7f4d...ba2.pdf,Averaged across three compaction levels
15,CBR,CBR_Politeknik_Ungku_Omar,,MDD_gcc,,g/cc,CBR.pdf,Final reported
23,CBR,CBR_UiTM_Highway,,MDD_gcc,,g/cc,CBRAAA.pdf,Final reported
24,CBR,CBR_UiTM_Lab3,,MDD_gcc,,g/cc,eeff0017...ae90.pdf,Final reported
16,CBR,CBR_UTHM_Sample1,,MDD_gcc,,g/cc,40d588d7...0c170.pdf,Sample 1 final
17,CBR,CBR_UTHM_Sample2,,MDD_gcc,,g/cc,40d588d7...0c170.pdf,Sample 2 final
18,CBR,CBR_UTHM_Sample3,,MDD_gcc,,g/cc,40d588d7...0c170.pdf,Sample 3 final (very high)
11,CBR,CBR_Image_10blows,,MDD_gcc,2.204,g/cc,cbr-test-report.jpg,Dry unit weight 1.96 g/cc
12,CBR,CBR_Image_30blows,,MDD_gcc,,g/cc,cbr-3.jpg,CBR from graph
13,CBR,CBR_Image_65blows,,MDD_gcc,,g/cc,cbr-vs-percent-compaction-graph.jpg,CBR from graph
14,CBR,CBR_Nepal_University,,OMC_pct,,%,1221ec60...a91e14.pdf,Soaked status not specified in excerpt
19,CBR,CBR_UTM_Group1_Trial1,,OMC_pct,,%,f5d54208...b0108.pdf,Trial 1
20,CBR,CBR_UTM_Group1_Trial2,,OMC_pct,,%,f5d54208...b0108.pdf,Trial 2
21,CBR,CBR_UTM_Group1_Trial3,,OMC_pct,,%,f5d54208...b0108.pdf,Trial 3
22,CBR,CBR_UiTM_Data_Avg,,OMC_pct,,%,fbfa7f4d...ba2.pdf,Averaged across three compaction levels
15,CBR,CBR_Politeknik_Ungku_Omar,,OMC_pct,,%,CBR.pdf,Final reported
23,CBR,CBR_UiTM_Highway,,OMC_pct,,%,CBRAAA.pdf,Final reported
24,CBR,CBR_UiTM_Lab3,,OMC_pct,,%,eeff0017...ae90.pdf,Final reported
16,CBR,CBR_UTHM_Sample1,,OMC_pct,,%,40d588d7...0c170.pdf,Sample 1 final
17,CBR,CBR_UTHM_Sample2,,OMC_pct,,%,40d588d7...0c170.pdf,Sample 2 final
18,CBR,CBR_UTHM_Sample3,,OMC_pct,,%,40d588d7...0c170.pdf,Sample 3 final (very high)
11,CBR,CBR_Image_10blows,,OMC_pct,8.0,%,cbr-test-report.jpg,Dry unit weight 1.96 g/cc
12,CBR,CBR_Image_30blows,,OMC_pct,7.62,%,cbr-3.jpg,CBR from graph
13,CBR,CBR_Image_65blows,,OMC_pct,,%,cbr-vs-percent-compaction-graph.jpg,CBR from graph
14,CBR,CBR_Nepal_University,,Blows,,#,1221ec60...a91e14.pdf,Soaked status not specified in excerpt
19,CBR,CBR_UTM_Group1_Trial1,,Blows,,#,f5d54208...b0108.pdf,Trial 1
20,CBR,CBR_UTM_Group1_Trial2,,Blows,,#,f5d54208...b0108.pdf,Trial 2
21,CBR,CBR_UTM_Group1_Trial3,,Blows,,#,f5d54208...b0108.pdf,Trial 3
22,CBR,CBR_UiTM_Data_Avg,,Blows,,#,fbfa7f4d...ba2.pdf,Averaged across three compaction levels
15,CBR,CBR_Politeknik_Ungku_Omar,,Blows,,#,CBR.pdf,Final reported
23,CBR,CBR_UiTM_Highway,,Blows,,#,CBRAAA.pdf,Final reported
24,CBR,CBR_UiTM_Lab3,,Blows,,#,eeff0017...ae90.pdf,Final reported
16,CBR,CBR_UTHM_Sample1,,Blows,,#,40d588d7...0c170.pdf,Sample 1 final
17,CBR,CBR_UTHM_Sample2,,Blows,,#,40d588d7...0c170.pdf,Sample 2 final
18,CBR,CBR_UTHM_Sample3,,Blows,,#,40d588d7...0c170.pdf,Sample 3 final (very high)
11,CBR,CBR_Image_10blows,,Blows,10.0,#,cbr-test-report.jpg,Dry unit weight 1.96 g/cc
12,CBR,CBR_Image_30blows,,Blows,30.0,#,cbr-3.jpg,CBR from graph
13,CBR,CBR_Image_65blows,,Blows,65.0,#,cbr-vs-percent-compaction-graph.jpg,CBR from graph
31,Moisture,MC_Colegio_Bacolod,Not specified,MC_pct,20.29,%,Moisture – URegina/UiTM/Kandahar (cleaned),Derived from uploaded lab reports (cleaned)
34,Moisture,MC_URegina_Fine_Avg,Fine grain,MC_pct,29.05,%,Moisture – URegina/UiTM/Kandahar (cleaned),Derived from uploaded lab reports (cleaned)
33,Moisture,MC_URegina_Coarse_Avg,Coarse grain,MC_pct,8.47,%,Moisture – URegina/UiTM/Kandahar (cleaned),Derived from uploaded lab reports (cleaned)
37,Moisture,MC_UiTM_ShahAlam,Not specified,MC_pct,10.76,%,Moisture – URegina/UiTM/Kandahar (cleaned),Derived from uploaded lab reports (cleaned)
36,Moisture,MC_UiTM_Infrastructure,Fine aggregate,MC_pct,2.6,%,Moisture – URegina/UiTM/Kandahar (cleaned),Derived from uploaded lab reports (cleaned)
35,Moisture,MC_UiTM_Geotech,Not specified,MC_pct,13.96,%,Moisture – URegina/UiTM/Kandahar (cleaned),Derived from uploaded lab reports (cleaned)
32,Moisture,MC_Kandahar_Uni,Sample A,MC_pct,6.77,%,Moisture – URegina/UiTM/Kandahar (cleaned),Derived from uploaded lab reports (cleaned)
