file,path,size_bytes,sha256
models.zip,exports/cbr_20250905_051805_20250905_054120/models.zip,558651,79302741795af711493dd658491b38e0a896529f1d8fdb6b6239a8a02c7ccce5
logs.zip,exports/cbr_20250905_051805_20250905_054120/logs.zip,1255,5a31db3c3caef8e5b8dcb9b7d5bf621e8329bd4379455ad4d6ee2e6ecce105aa
plots.zip,exports/cbr_20250905_051805_20250905_054120/plots.zip,190145,1aae6cdcbd53c56c8fc2b7739360cf03fe04d5a21298b5346f74bde5bb056da8
cards.zip,exports/cbr_20250905_051805_20250905_054120/cards.zip,1613,f68657332efb69ef372a9994f44c4eeaec4559d431051688bf0b68665ce7d9f6
data_processed.zip,exports/cbr_20250905_051805_20250905_054120/data_processed.zip,11945,f41c119126888a66d2635eb146578de7baecaa396afc4647394c6a9000025953
latest.txt,exports/cbr_20250905_051805_20250905_054120/latest.txt,944,96471809f02c519ef001b8904dda2b3bcdce44cc0dbaa03a50e3b1177311224f
feature_list.json,exports/cbr_20250905_051805_20250905_054120/feature_list.json,126,0422babf4a2495bdf0ea44fbce6dc52064ac8ebf8b325f9d3df744049b802518
